{
  "timestamp": "2026-01-31 19:49:17",
  "total_questions": 82,
  "agents": {
    "root_agent": {
      "avg_confidence": 8.78048780487805,
      "accuracy": 0.7682926829268293,
      "correct_count": 63,
      "total_count": 82
    }
  }
}